{
  "config": "config/exp_800_q4.yaml",
  "git_commit": "c77f3e003c2a5b43e0197dbce7c834baa4d8db97",
  "seed": 42,
  "K": 4,
  "Q": 4,
  "pd_modes": {
    "D0": "none",
    "D1": "local",
    "D2": "local_comm"
  },
  "results": {
    "D0": {
      "steady": 0.7003167717611102,
      "weak3": 0.6004320572201798,
      "worst": 0.20727926272961303,
      "ep_fail": 0.63,
      "per_target": [
        0.7170462252359807,
        0.6817489551983827,
        0.6599237189475882,
        0.7425481876624894
      ]
    },
    "D1": {
      "steady": 0.7025656594749896,
      "weak3": 0.6034226425948174,
      "worst": 0.21869233490293208,
      "ep_fail": 0.61,
      "per_target": [
        0.7023088430606823,
        0.705593004372597,
        0.666968590147301,
        0.7353922003193781
      ]
    },
    "D2": {
      "steady": 0.7025656594749896,
      "weak3": 0.6034226425948174,
      "worst": 0.21869233490293208,
      "ep_fail": 0.61,
      "per_target": [
        0.7023088430606823,
        0.705593004372597,
        0.666968590147301,
        0.7353922003193781
      ]
    }
  }
}