all_same_role_rate,eval_full_P_D,eval_per_target,eval_steady_P_D,eval_target_std,eval_weak3_P_D,eval_worst_P_D,no_TX_rate,valid_pair_rate
0.0,0.5578609913632516,"[0.7952930488941161, 0.6325158599383782, 0.7068246209310145, 0.663774249015789]",0.6996019446948243,0.39364708192944914,0.5994692595930997,0.11618122910738082,0.0,1.0
