{
  "config": "config/exp_800_q4.yaml",
  "git_commit": "d556b3e05d1499ff536ca6dca21f208717797570",
  "seed": 42,
  "K": 4,
  "Q": 4,
  "pd_modes": {
    "D0": "none"
  },
  "results": {
    "D0": {
      "steady": 0.5276531893865039,
      "weak3": 0.3702042525176423,
      "worst": 0.01622763289417426,
      "ep_fail": 1.0,
      "per_target": [
        0.6670863539713823,
        0.4042968110118339,
        0.6903222463862152,
        0.3489073461765843
      ]
    }
  }
}