all_same_role_rate,eval_full_P_D,eval_per_target,eval_steady_P_D,eval_target_std,eval_weak3_P_D,eval_worst_P_D,no_TX_rate,valid_pair_rate
0.0,0.557239917032341,"[0.804175896445049, 0.6894221775198882, 0.7113180239210619, 0.6598500029814504]",0.7161915252168625,0.3884485869394723,0.6215887002891594,0.12197886927492971,0.0,1.0
