all_same_role_rate,eval_full_P_D,eval_per_target,eval_steady_P_D,eval_target_std,eval_weak3_P_D,eval_worst_P_D,no_TX_rate,valid_pair_rate
0.0,0.5621552929465004,"[0.7952571628570558, 0.6823190872687988, 0.7032681064058204, 0.662544338234619]",0.7108471736915734,0.3910572660020284,0.6144628982554325,0.11221842444856847,0.0,1.0
