actor_loss,all_same_role_rate,approx_kl,avg_P_D,clip_fraction,comm_agent_var,comm_cost,constraint_violation_rate,critic_loss,entropy,entropy_coef,episode,eval_full_P_D,eval_per_target,eval_steady_P_D,eval_target_std,eval_weak3_P_D,eval_worst_P_D,lagrangian_lambda,mean_adv_abs,mean_return,mean_utility,mean_value,no_TX_rate,team_reward,time,total_frames,valid_pair_rate,worst_P_D
-0.006069885965968881,0.0,6.750548439031104e-05,0.4087075840329389,0.0,0.0,0.005225098039215686,0.9441176470588235,62.89404896327427,2.8380095107214793,0.029897999999999997,0,0.4140378296318972,"[0.22393126454534512, 0.5908648802965878, 0.5879305948534291, 0.6022873840828931]",0.5012535309445638,0.4609643183456673,0.33500470792608505,0.003799358270757241,0.001688235294117647,0.8586334586143494,91.71175384521484,0.42119942059840626,-0.32411667704582214,0.0,3.5052647265524817,25.584681749343872,2040,1.0,0.2756701231732615
