all_same_role_rate,eval_full_P_D,eval_per_target,eval_steady_P_D,eval_target_std,eval_weak3_P_D,eval_worst_P_D,no_TX_rate,valid_pair_rate
0.0,0.5570680643917251,"[0.8062887897437786, 0.6865290058335065, 0.7028334414638405, 0.643507728437074]",0.7097897413695501,0.39063422744927867,0.613052988492743,0.11877433101487449,0.0,1.0
