all_same_role_rate,eval_full_P_D,eval_per_target,eval_steady_P_D,eval_target_std,eval_weak3_P_D,eval_worst_P_D,no_TX_rate,valid_pair_rate
0.0,0.5615393541213411,"[0.7960943625240094, 0.679916849808742, 0.7062239324894906, 0.6638374917333785]",0.7115181591389053,0.39080492351762314,0.6153575455185407,0.11734249157820889,0.0,1.0
