all_same_role_rate,eval_full_P_D,eval_per_target,eval_steady_P_D,eval_target_std,eval_weak3_P_D,eval_worst_P_D,no_TX_rate,valid_pair_rate
0.0,0.5633131100288962,"[0.7560075095722443, 0.6623378679082362, 0.706208673607011, 0.6653065097513553]",0.6974651402097118,0.3893136993464108,0.5966201869462828,0.12006921690496167,0.0,1.0
