all_same_role_rate,eval_full_P_D,eval_per_target,eval_steady_P_D,eval_target_std,eval_weak3_P_D,eval_worst_P_D,no_TX_rate,valid_pair_rate
0.0,0.548198809621433,"[0.7530635724604431, 0.5988040900077347, 0.7099912125913528, 0.6893842571249099]",0.6878107830461102,0.3975433275744864,0.5837477107281519,0.11045938344554596,0.0,1.0
