all_same_role_rate,eval_full_P_D,eval_per_target,eval_steady_P_D,eval_target_std,eval_weak3_P_D,eval_worst_P_D,no_TX_rate,valid_pair_rate
0.0,0.560224445320461,"[0.7557900169413811, 0.681586894393953, 0.7144061750881161, 0.6625104307813678]",0.7035733793012044,0.39304257044698854,0.6047645057349447,0.11836493693379631,0.0,1.0
