all_same_role_rate,eval_full_P_D,eval_per_target,eval_steady_P_D,eval_target_std,eval_weak3_P_D,eval_worst_P_D,no_TX_rate,valid_pair_rate
0.0,0.5611932960034625,"[0.7925202246900058, 0.691086750323284, 0.7049859275730037, 0.6662783726085159]",0.7137178187987023,0.3866463418573977,0.6182904450551552,0.12330727366889152,0.0,1.0
