all_same_role_rate,eval_full_P_D,eval_per_target,eval_steady_P_D,eval_target_std,eval_weak3_P_D,eval_worst_P_D,no_TX_rate,valid_pair_rate
0.0,0.5617733579980395,"[0.7967307067951734, 0.6961977004843929, 0.7017879276514875, 0.6631840660025972]",0.7144751002334128,0.38917679950968753,0.6193001336445565,0.1174022492270935,0.0,1.0
